"Step","GCN_features-16_layers-2_lr-0.0001 - test_accuracy","GCN_features-16_layers-2_lr-0.0001 - test_accuracy__MIN","GCN_features-16_layers-2_lr-0.0001 - test_accuracy__MAX","GCN_features-16_layers-2_lr-0.001 - test_accuracy","GCN_features-16_layers-2_lr-0.001 - test_accuracy__MIN","GCN_features-16_layers-2_lr-0.001 - test_accuracy__MAX","GCN_features-16_layers-2_lr-0.01 - test_accuracy","GCN_features-16_layers-2_lr-0.01 - test_accuracy__MIN","GCN_features-16_layers-2_lr-0.01 - test_accuracy__MAX","GCN_features-16_layers-1_lr-0.0001 - test_accuracy","GCN_features-16_layers-1_lr-0.0001 - test_accuracy__MIN","GCN_features-16_layers-1_lr-0.0001 - test_accuracy__MAX","GCN_features-16_layers-1_lr-0.001 - test_accuracy","GCN_features-16_layers-1_lr-0.001 - test_accuracy__MIN","GCN_features-16_layers-1_lr-0.001 - test_accuracy__MAX","GCN_features-16_layers-1_lr-0.01 - test_accuracy","GCN_features-16_layers-1_lr-0.01 - test_accuracy__MIN","GCN_features-16_layers-1_lr-0.01 - test_accuracy__MAX","GCN_features-16_layers-0_lr-0.0001 - test_accuracy","GCN_features-16_layers-0_lr-0.0001 - test_accuracy__MIN","GCN_features-16_layers-0_lr-0.0001 - test_accuracy__MAX","GCN_features-16_layers-0_lr-0.001 - test_accuracy","GCN_features-16_layers-0_lr-0.001 - test_accuracy__MIN","GCN_features-16_layers-0_lr-0.001 - test_accuracy__MAX","GCN_features-16_layers-0_lr-0.01 - test_accuracy","GCN_features-16_layers-0_lr-0.01 - test_accuracy__MIN","GCN_features-16_layers-0_lr-0.01 - test_accuracy__MAX","GCN_features-8_layers-2_lr-0.0001 - test_accuracy","GCN_features-8_layers-2_lr-0.0001 - test_accuracy__MIN","GCN_features-8_layers-2_lr-0.0001 - test_accuracy__MAX"
"0","0.18000000715255737","0.18000000715255737","0.18000000715255737","0.07400000095367432","0.07400000095367432","0.07400000095367432","0.12999999523162842","0.12999999523162842","0.12999999523162842","0.10300000756978989","0.10300000756978989","0.10300000756978989","0.09099999815225601","0.09099999815225601","0.09099999815225601","0.31700000166893005","0.31700000166893005","0.31700000166893005","0.11599999666213989","0.11599999666213989","0.11599999666213989","0.16500000655651093","0.16500000655651093","0.16500000655651093","0.16899999976158142","0.16899999976158142","0.16899999976158142","0.14499999582767487","0.14499999582767487","0.14499999582767487"
"1","0.39400002360343933","0.39400002360343933","0.39400002360343933","0.07500000298023224","0.07500000298023224","0.07500000298023224","0.13199999928474426","0.13199999928474426","0.13199999928474426","0.10300000756978989","0.10300000756978989","0.10300000756978989","0.09099999815225601","0.09099999815225601","0.09099999815225601","0.32199999690055847","0.32199999690055847","0.32199999690055847","0.13099999725818634","0.13099999725818634","0.13099999725818634","0.17900000512599945","0.17900000512599945","0.17900000512599945","0.17800000309944153","0.17800000309944153","0.17800000309944153","0.16500000655651093","0.16500000655651093","0.16500000655651093"
"2","0.4180000424385071","0.4180000424385071","0.4180000424385071","0.1289999932050705","0.1289999932050705","0.1289999932050705","0.14300000667572021","0.14300000667572021","0.14300000667572021","0.10400000959634781","0.10400000959634781","0.10400000959634781","0.09099999815225601","0.09099999815225601","0.09099999815225601","0.3490000069141388","0.3490000069141388","0.3490000069141388","0.1379999965429306","0.1379999965429306","0.1379999965429306","0.21899999678134918","0.21899999678134918","0.21899999678134918","0.17800000309944153","0.17800000309944153","0.17800000309944153","0.18000000715255737","0.18000000715255737","0.18000000715255737"
"3","0.41100001335144043","0.41100001335144043","0.41100001335144043","0.09799999743700027","0.09799999743700027","0.09799999743700027","0.1980000138282776","0.1980000138282776","0.1980000138282776","0.10700000077486038","0.10700000077486038","0.10700000077486038","0.11100000143051147","0.11100000143051147","0.11100000143051147","0.3330000042915344","0.3330000042915344","0.3330000042915344","0.13600000739097595","0.13600000739097595","0.13600000739097595","0.1980000138282776","0.1980000138282776","0.1980000138282776","0.1770000010728836","0.1770000010728836","0.1770000010728836","0.1809999942779541","0.1809999942779541","0.1809999942779541"
"4","0.41200003027915955","0.41200003027915955","0.41200003027915955","0.1459999978542328","0.1459999978542328","0.1459999978542328","0.24899999797344208","0.24899999797344208","0.24899999797344208","0.12300000339746475","0.12300000339746475","0.12300000339746475","0.11400000005960464","0.11400000005960464","0.11400000005960464","0.32199999690055847","0.32199999690055847","0.32199999690055847","0.13099999725818634","0.13099999725818634","0.13099999725818634","0.22300000488758087","0.22300000488758087","0.22300000488758087","0.1770000010728836","0.1770000010728836","0.1770000010728836","0.1809999942779541","0.1809999942779541","0.1809999942779541"
"5","0.4090000092983246","0.4090000092983246","0.4090000092983246","0.12800000607967377","0.12800000607967377","0.12800000607967377","0.26600000262260437","0.26600000262260437","0.26600000262260437","0.14100000262260437","0.14100000262260437","0.14100000262260437","0.16500000655651093","0.16500000655651093","0.16500000655651093","0.3370000123977661","0.3370000123977661","0.3370000123977661","0.13899999856948853","0.13899999856948853","0.13899999856948853","0.23899999260902405","0.23899999260902405","0.23899999260902405","0.17499999701976776","0.17499999701976776","0.17499999701976776","0.1850000023841858","0.1850000023841858","0.1850000023841858"
"6","0.43000003695487976","0.43000003695487976","0.43000003695487976","0.17100000381469727","0.17100000381469727","0.17100000381469727","0.3140000104904175","0.3140000104904175","0.3140000104904175","0.17299999296665192","0.17299999296665192","0.17299999296665192","0.14800000190734863","0.14800000190734863","0.14800000190734863","0.32199999690055847","0.32199999690055847","0.32199999690055847","0.14000000059604645","0.14000000059604645","0.14000000059604645","0.24300000071525574","0.24300000071525574","0.24300000071525574","0.17800000309944153","0.17800000309944153","0.17800000309944153","0.1889999955892563","0.1889999955892563","0.1889999955892563"
"7","0.367000013589859","0.367000013589859","0.367000013589859","0.1889999955892563","0.1889999955892563","0.1889999955892563","0.3269999921321869","0.3269999921321869","0.3269999921321869","0.19199998676776886","0.19199998676776886","0.19199998676776886","0.1770000010728836","0.1770000010728836","0.1770000010728836","0.3449999988079071","0.3449999988079071","0.3449999988079071","0.13899999856948853","0.13899999856948853","0.13899999856948853","0.2849999964237213","0.2849999964237213","0.2849999964237213","0.17499999701976776","0.17499999701976776","0.17499999701976776","0.19299998879432678","0.19299998879432678","0.19299998879432678"
"8","0.43700000643730164","0.43700000643730164","0.43700000643730164","0.2280000001192093","0.2280000001192093","0.2280000001192093","0.37599998712539673","0.37599998712539673","0.37599998712539673","0.23000000417232513","0.23000000417232513","0.23000000417232513","0.16899999976158142","0.16899999976158142","0.16899999976158142","0.32499998807907104","0.32499998807907104","0.32499998807907104","0.1509999930858612","0.1509999930858612","0.1509999930858612","0.27399998903274536","0.27399998903274536","0.27399998903274536","0.17800000309944153","0.17800000309944153","0.17800000309944153","0.19199998676776886","0.19199998676776886","0.19199998676776886"
"9","0.3709999918937683","0.3709999918937683","0.3709999918937683","0.24799999594688416","0.24799999594688416","0.24799999594688416","0.3569999933242798","0.3569999933242798","0.3569999933242798","0.26899999380111694","0.26899999380111694","0.26899999380111694","0.17900000512599945","0.17900000512599945","0.17900000512599945","0.3709999918937683","0.3709999918937683","0.3709999918937683","0.14300000667572021","0.14300000667572021","0.14300000667572021","0.3269999921321869","0.3269999921321869","0.3269999921321869","0.1770000010728836","0.1770000010728836","0.1770000010728836","0.23600000143051147","0.23600000143051147","0.23600000143051147"
"10","0.44600000977516174","0.44600000977516174","0.44600000977516174","0.29100000858306885","0.29100000858306885","0.29100000858306885","0.41200003027915955","0.41200003027915955","0.41200003027915955","0.32199999690055847","0.32199999690055847","0.32199999690055847","0.17399999499320984","0.17399999499320984","0.17399999499320984","0.35600000619888306","0.35600000619888306","0.35600000619888306","0.1720000058412552","0.1720000058412552","0.1720000058412552","0.30799999833106995","0.30799999833106995","0.30799999833106995","0.17800000309944153","0.17800000309944153","0.17800000309944153","0.20000001788139343","0.20000001788139343","0.20000001788139343"
"11","0.37400001287460327","0.37400001287460327","0.37400001287460327","0.2849999964237213","0.2849999964237213","0.2849999964237213","0.3879999816417694","0.3879999816417694","0.3879999816417694","0.3540000021457672","0.3540000021457672","0.3540000021457672","0.1809999942779541","0.1809999942779541","0.1809999942779541","0.45100000500679016","0.45100000500679016","0.45100000500679016","0.14900000393390656","0.14900000393390656","0.14900000393390656","0.3630000054836273","0.3630000054836273","0.3630000054836273","0.17900000512599945","0.17900000512599945","0.17900000512599945","0.32499998807907104","0.32499998807907104","0.32499998807907104"
"12","0.44600000977516174","0.44600000977516174","0.44600000977516174","0.34599998593330383","0.34599998593330383","0.34599998593330383","0.46399998664855957","0.46399998664855957","0.46399998664855957","0.3800000250339508","0.3800000250339508","0.3800000250339508","0.17800000309944153","0.17800000309944153","0.17800000309944153","0.42399999499320984","0.42399999499320984","0.42399999499320984","0.1939999908208847","0.1939999908208847","0.1939999908208847","0.3230000138282776","0.3230000138282776","0.3230000138282776","0.17800000309944153","0.17800000309944153","0.17800000309944153","0.24799999594688416","0.24799999594688416","0.24799999594688416"
"13","0.3700000047683716","0.3700000047683716","0.3700000047683716","0.3100000023841858","0.3100000023841858","0.3100000023841858","0.4320000410079956","0.4320000410079956","0.4320000410079956","0.39899998903274536","0.39899998903274536","0.39899998903274536","0.18000000715255737","0.18000000715255737","0.18000000715255737","0.49299997091293335","0.49299997091293335","0.49299997091293335","0.17399999499320984","0.17399999499320984","0.17399999499320984","0.3800000250339508","0.3800000250339508","0.3800000250339508","0.17800000309944153","0.17800000309944153","0.17800000309944153","0.4129999876022339","0.4129999876022339","0.4129999876022339"
"14","0.44999998807907104","0.44999998807907104","0.44999998807907104","0.37599998712539673","0.37599998712539673","0.37599998712539673","0.5139999985694885","0.5139999985694885","0.5139999985694885","0.42800000309944153","0.42800000309944153","0.42800000309944153","0.17800000309944153","0.17800000309944153","0.17800000309944153","0.49000000953674316","0.49000000953674316","0.49000000953674316","0.21299999952316284","0.21299999952316284","0.21299999952316284","0.3449999988079071","0.3449999988079071","0.3449999988079071","0.17900000512599945","0.17900000512599945","0.17900000512599945","0.3230000138282776","0.3230000138282776","0.3230000138282776"
"15","0.37299999594688416","0.37299999594688416","0.37299999594688416","0.33000001311302185","0.33000001311302185","0.33000001311302185","0.47999998927116394","0.47999998927116394","0.47999998927116394","0.43799999356269836","0.43799999356269836","0.43799999356269836","0.1850000023841858","0.1850000023841858","0.1850000023841858","0.5260000228881836","0.5260000228881836","0.5260000228881836","0.1990000158548355","0.1990000158548355","0.1990000158548355","0.39899998903274536","0.39899998903274536","0.39899998903274536","0.1889999955892563","0.1889999955892563","0.1889999955892563","0.4560000002384186","0.4560000002384186","0.4560000002384186"
"16","0.4569999575614929","0.4569999575614929","0.4569999575614929","0.38100001215934753","0.38100001215934753","0.38100001215934753","0.5249999761581421","0.5249999761581421","0.5249999761581421","0.47200000286102295","0.47200000286102295","0.47200000286102295","0.17900000512599945","0.17900000512599945","0.17900000512599945","0.5049999952316284","0.5049999952316284","0.5049999952316284","0.23499999940395355","0.23499999940395355","0.23499999940395355","0.375","0.375","0.375","0.1900000125169754","0.1900000125169754","0.1900000125169754","0.3960000276565552","0.3960000276565552","0.3960000276565552"
"17","0.38599997758865356","0.38599997758865356","0.38599997758865356","0.335999995470047","0.335999995470047","0.335999995470047","0.49699997901916504","0.49699997901916504","0.49699997901916504","0.46799999475479126","0.46799999475479126","0.46799999475479126","0.1850000023841858","0.1850000023841858","0.1850000023841858","0.5299999713897705","0.5299999713897705","0.5299999713897705","0.21899999678134918","0.21899999678134918","0.21899999678134918","0.4129999876022339","0.4129999876022339","0.4129999876022339","0.19700001180171967","0.19700001180171967","0.19700001180171967","0.4860000014305115","0.4860000014305115","0.4860000014305115"
"18","0.47300001978874207","0.47300001978874207","0.47300001978874207","0.4090000092983246","0.4090000092983246","0.4090000092983246","0.5249999761581421","0.5249999761581421","0.5249999761581421","0.5070000290870667","0.5070000290870667","0.5070000290870667","0.18000000715255737","0.18000000715255737","0.18000000715255737","0.5120000243186951","0.5120000243186951","0.5120000243186951","0.27300000190734863","0.27300000190734863","0.27300000190734863","0.38499999046325684","0.38499999046325684","0.38499999046325684","0.2019999921321869","0.2019999921321869","0.2019999921321869","0.4320000410079956","0.4320000410079956","0.4320000410079956"
"19","0.39100000262260437","0.39100000262260437","0.39100000262260437","0.34700000286102295","0.34700000286102295","0.34700000286102295","0.4959999918937683","0.4959999918937683","0.4959999918937683","0.503000020980835","0.503000020980835","0.503000020980835","0.1850000023841858","0.1850000023841858","0.1850000023841858","0.5130000114440918","0.5130000114440918","0.5130000114440918","0.26100000739097595","0.26100000739097595","0.26100000739097595","0.42800000309944153","0.42800000309944153","0.42800000309944153","0.20600001513957977","0.20600001513957977","0.20600001513957977","0.5040000081062317","0.5040000081062317","0.5040000081062317"
"20","0.4699999988079071","0.4699999988079071","0.4699999988079071","0.43799999356269836","0.43799999356269836","0.43799999356269836","0.5329999923706055","0.5329999923706055","0.5329999923706055","0.5329999923706055","0.5329999923706055","0.5329999923706055","0.18199999630451202","0.18199999630451202","0.18199999630451202","0.5410000085830688","0.5410000085830688","0.5410000085830688","0.29600000381469727","0.29600000381469727","0.29600000381469727","0.4090000092983246","0.4090000092983246","0.4090000092983246","0.24799999594688416","0.24799999594688416","0.24799999594688416","0.44600000977516174","0.44600000977516174","0.44600000977516174"
"21","0.3970000147819519","0.3970000147819519","0.3970000147819519","0.3879999816417694","0.3879999816417694","0.3879999816417694","0.4910000264644623","0.4910000264644623","0.4910000264644623","0.503000020980835","0.503000020980835","0.503000020980835","0.20000001788139343","0.20000001788139343","0.20000001788139343","0.5139999985694885","0.5139999985694885","0.5139999985694885","0.2939999997615814","0.2939999997615814","0.2939999997615814","0.4410000145435333","0.4410000145435333","0.4410000145435333","0.23199999332427979","0.23199999332427979","0.23199999332427979","0.5130000114440918","0.5130000114440918","0.5130000114440918"
"22","0.4690000116825104","0.4690000116825104","0.4690000116825104","0.453000009059906","0.453000009059906","0.453000009059906","0.5389999747276306","0.5389999747276306","0.5389999747276306","0.5360000133514404","0.5360000133514404","0.5360000133514404","0.18799999356269836","0.18799999356269836","0.18799999356269836","0.5329999923706055","0.5329999923706055","0.5329999923706055","0.335999995470047","0.335999995470047","0.335999995470047","0.41600003838539124","0.41600003838539124","0.41600003838539124","0.26899999380111694","0.26899999380111694","0.26899999380111694","0.45500001311302185","0.45500001311302185","0.45500001311302185"
"23","0.3960000276565552","0.3960000276565552","0.3960000276565552","0.4269999563694","0.4269999563694","0.4269999563694","0.49399998784065247","0.49399998784065247","0.49399998784065247","0.5080000162124634","0.5080000162124634","0.5080000162124634","0.23600000143051147","0.23600000143051147","0.23600000143051147","0.5120000243186951","0.5120000243186951","0.5120000243186951","0.33899998664855957","0.33899998664855957","0.33899998664855957","0.4399999976158142","0.4399999976158142","0.4399999976158142","0.23199999332427979","0.23199999332427979","0.23199999332427979","0.5090000033378601","0.5090000033378601","0.5090000033378601"
"24","0.46399998664855957","0.46399998664855957","0.46399998664855957","0.46799999475479126","0.46799999475479126","0.46799999475479126","0.5529999732971191","0.5529999732971191","0.5529999732971191","0.5410000085830688","0.5410000085830688","0.5410000085830688","0.20600001513957977","0.20600001513957977","0.20600001513957977","0.5350000262260437","0.5350000262260437","0.5350000262260437","0.3619999885559082","0.3619999885559082","0.3619999885559082","0.421999990940094","0.421999990940094","0.421999990940094","0.3089999854564667","0.3089999854564667","0.3089999854564667","0.45500001311302185","0.45500001311302185","0.45500001311302185"
"25","0.3930000066757202","0.3930000066757202","0.3930000066757202","0.4429999589920044","0.4429999589920044","0.4429999589920044","0.4989999830722809","0.4989999830722809","0.4989999830722809","0.5070000290870667","0.5070000290870667","0.5070000290870667","0.2680000066757202","0.2680000066757202","0.2680000066757202","0.5090000033378601","0.5090000033378601","0.5090000033378601","0.35600000619888306","0.35600000619888306","0.35600000619888306","0.4480000436306","0.4480000436306","0.4480000436306","0.2540000081062317","0.2540000081062317","0.2540000081062317","0.5059999823570251","0.5059999823570251","0.5059999823570251"
"26","0.45500001311302185","0.45500001311302185","0.45500001311302185","0.4830000102519989","0.4830000102519989","0.4830000102519989","0.5529999732971191","0.5529999732971191","0.5529999732971191","0.5450000166893005","0.5450000166893005","0.5450000166893005","0.2460000067949295","0.2460000067949295","0.2460000067949295","0.5360000133514404","0.5360000133514404","0.5360000133514404","0.38200002908706665","0.38200002908706665","0.38200002908706665","0.42500001192092896","0.42500001192092896","0.42500001192092896","0.33399999141693115","0.33399999141693115","0.33399999141693115","0.4650000035762787","0.4650000035762787","0.4650000035762787"
"27","0.3930000066757202","0.3930000066757202","0.3930000066757202","0.46399998664855957","0.46399998664855957","0.46399998664855957","0.5019999742507935","0.5019999742507935","0.5019999742507935","0.515999972820282","0.515999972820282","0.515999972820282","0.28999999165534973","0.28999999165534973","0.28999999165534973","0.5059999823570251","0.5059999823570251","0.5059999823570251","0.3709999918937683","0.3709999918937683","0.3709999918937683","0.44600000977516174","0.44600000977516174","0.44600000977516174","0.26899999380111694","0.26899999380111694","0.26899999380111694","0.5009999871253967","0.5009999871253967","0.5009999871253967"
"28","0.45100000500679016","0.45100000500679016","0.45100000500679016","0.48900002241134644","0.48900002241134644","0.48900002241134644","0.5529999732971191","0.5529999732971191","0.5529999732971191","0.5339999794960022","0.5339999794960022","0.5339999794960022","0.27000001072883606","0.27000001072883606","0.27000001072883606","0.5299999713897705","0.5299999713897705","0.5299999713897705","0.4099999964237213","0.4099999964237213","0.4099999964237213","0.4230000078678131","0.4230000078678131","0.4230000078678131","0.35600000619888306","0.35600000619888306","0.35600000619888306","0.4659999907016754","0.4659999907016754","0.4659999907016754"
"29","0.40000003576278687","0.40000003576278687","0.40000003576278687","0.4740000069141388","0.4740000069141388","0.4740000069141388","0.5130000114440918","0.5130000114440918","0.5130000114440918","0.5270000100135803","0.5270000100135803","0.5270000100135803","0.29899999499320984","0.29899999499320984","0.29899999499320984","0.49699997901916504","0.49699997901916504","0.49699997901916504","0.3879999816417694","0.3879999816417694","0.3879999816417694","0.453000009059906","0.453000009059906","0.453000009059906","0.2879999876022339","0.2879999876022339","0.2879999876022339","0.4989999830722809","0.4989999830722809","0.4989999830722809"
"30","0.453000009059906","0.453000009059906","0.453000009059906","0.492000013589859","0.492000013589859","0.492000013589859","0.5609999895095825","0.5609999895095825","0.5609999895095825","0.5400000214576721","0.5400000214576721","0.5400000214576721","0.296999990940094","0.296999990940094","0.296999990940094","0.5320000052452087","0.5320000052452087","0.5320000052452087","0.4359999895095825","0.4359999895095825","0.4359999895095825","0.4320000410079956","0.4320000410079956","0.4320000410079956","0.3619999885559082","0.3619999885559082","0.3619999885559082","0.4690000116825104","0.4690000116825104","0.4690000116825104"
"31","0.4009999930858612","0.4009999930858612","0.4009999930858612","0.4740000069141388","0.4740000069141388","0.4740000069141388","0.5329999923706055","0.5329999923706055","0.5329999923706055","0.5210000276565552","0.5210000276565552","0.5210000276565552","0.30300000309944153","0.30300000309944153","0.30300000309944153","0.492000013589859","0.492000013589859","0.492000013589859","0.3889999985694885","0.3889999985694885","0.3889999985694885","0.44699999690055847","0.44699999690055847","0.44699999690055847","0.29600000381469727","0.29600000381469727","0.29600000381469727","0.49699997901916504","0.49699997901916504","0.49699997901916504"
"32","0.4580000042915344","0.4580000042915344","0.4580000042915344","0.48900002241134644","0.48900002241134644","0.48900002241134644","0.5590000152587891","0.5590000152587891","0.5590000152587891","0.5509999990463257","0.5509999990463257","0.5509999990463257","0.3070000112056732","0.3070000112056732","0.3070000112056732","0.5289999842643738","0.5289999842643738","0.5289999842643738","0.4480000436306","0.4480000436306","0.4480000436306","0.43299999833106995","0.43299999833106995","0.43299999833106995","0.37599998712539673","0.37599998712539673","0.37599998712539673","0.4659999907016754","0.4659999907016754","0.4659999907016754"
"33","0.4140000343322754","0.4140000343322754","0.4140000343322754","0.4710000157356262","0.4710000157356262","0.4710000157356262","0.5600000023841858","0.5600000023841858","0.5600000023841858","0.5440000295639038","0.5440000295639038","0.5440000295639038","0.3330000042915344","0.3330000042915344","0.3330000042915344","0.4880000054836273","0.4880000054836273","0.4880000054836273","0.38200002908706665","0.38200002908706665","0.38200002908706665","0.4490000009536743","0.4490000009536743","0.4490000009536743","0.31299999356269836","0.31299999356269836","0.31299999356269836","0.5210000276565552","0.5210000276565552","0.5210000276565552"
"34","0.46700000762939453","0.46700000762939453","0.46700000762939453","0.492000013589859","0.492000013589859","0.492000013589859","0.5649999976158142","0.5649999976158142","0.5649999976158142","0.5450000166893005","0.5450000166893005","0.5450000166893005","0.32899999618530273","0.32899999618530273","0.32899999618530273","0.5270000100135803","0.5270000100135803","0.5270000100135803","0.4560000002384186","0.4560000002384186","0.4560000002384186","0.44499996304512024","0.44499996304512024","0.44499996304512024","0.38499999046325684","0.38499999046325684","0.38499999046325684","0.49299997091293335","0.49299997091293335","0.49299997091293335"
"35","0.43000003695487976","0.43000003695487976","0.43000003695487976","0.47499996423721313","0.47499996423721313","0.47499996423721313","0.5720000267028809","0.5720000267028809","0.5720000267028809","0.5490000247955322","0.5490000247955322","0.5490000247955322","0.3839999735355377","0.3839999735355377","0.3839999735355377","0.49299997091293335","0.49299997091293335","0.49299997091293335","0.3839999735355377","0.3839999735355377","0.3839999735355377","0.4390000104904175","0.4390000104904175","0.4390000104904175","0.3149999976158142","0.3149999976158142","0.3149999976158142","0.5429999828338623","0.5429999828338623","0.5429999828338623"
"36","0.48099997639656067","0.48099997639656067","0.48099997639656067","0.49399998784065247","0.49399998784065247","0.49399998784065247","0.5770000219345093","0.5770000219345093","0.5770000219345093","0.5490000247955322","0.5490000247955322","0.5490000247955322","0.36000001430511475","0.36000001430511475","0.36000001430511475","0.5239999890327454","0.5239999890327454","0.5239999890327454","0.4620000123977661","0.4620000123977661","0.4620000123977661","0.44200000166893005","0.44200000166893005","0.44200000166893005","0.4309999942779541","0.4309999942779541","0.4309999942779541","0.49699997901916504","0.49699997901916504","0.49699997901916504"
"37","0.42500001192092896","0.42500001192092896","0.42500001192092896","0.4659999907016754","0.4659999907016754","0.4659999907016754","0.5740000009536743","0.5740000009536743","0.5740000009536743","0.5400000214576721","0.5400000214576721","0.5400000214576721","0.421999990940094","0.421999990940094","0.421999990940094","0.4910000264644623","0.4910000264644623","0.4910000264644623","0.38599997758865356","0.38599997758865356","0.38599997758865356","0.4429999589920044","0.4429999589920044","0.4429999589920044","0.3449999988079071","0.3449999988079071","0.3449999988079071","0.5529999732971191","0.5529999732971191","0.5529999732971191"
"38","0.4959999918937683","0.4959999918937683","0.4959999918937683","0.49799999594688416","0.49799999594688416","0.49799999594688416","0.5659999847412109","0.5659999847412109","0.5659999847412109","0.5410000085830688","0.5410000085830688","0.5410000085830688","0.3839999735355377","0.3839999735355377","0.3839999735355377","0.5189999938011169","0.5189999938011169","0.5189999938011169","0.4659999907016754","0.4659999907016754","0.4659999907016754","0.44999998807907104","0.44999998807907104","0.44999998807907104","0.47200000286102295","0.47200000286102295","0.47200000286102295","0.5019999742507935","0.5019999742507935","0.5019999742507935"
"39","0.40799999237060547","0.40799999237060547","0.40799999237060547","0.46000000834465027","0.46000000834465027","0.46000000834465027","0.5770000219345093","0.5770000219345093","0.5770000219345093","0.531000018119812","0.531000018119812","0.531000018119812","0.44699999690055847","0.44699999690055847","0.44699999690055847","0.49299997091293335","0.49299997091293335","0.49299997091293335","0.38499999046325684","0.38499999046325684","0.38499999046325684","0.4339999854564667","0.4339999854564667","0.4339999854564667","0.3889999985694885","0.3889999985694885","0.3889999985694885","0.5509999990463257","0.5509999990463257","0.5509999990463257"
"40","0.4949999749660492","0.4949999749660492","0.4949999749660492","0.5109999775886536","0.5109999775886536","0.5109999775886536","0.5640000104904175","0.5640000104904175","0.5640000104904175","0.5400000214576721","0.5400000214576721","0.5400000214576721","0.40299999713897705","0.40299999713897705","0.40299999713897705","0.515999972820282","0.515999972820282","0.515999972820282","0.4659999907016754","0.4659999907016754","0.4659999907016754","0.46000000834465027","0.46000000834465027","0.46000000834465027","0.492000013589859","0.492000013589859","0.492000013589859","0.48900002241134644","0.48900002241134644","0.48900002241134644"
"41","0.38599997758865356","0.38599997758865356","0.38599997758865356","0.4620000123977661","0.4620000123977661","0.4620000123977661","0.5839999914169312","0.5839999914169312","0.5839999914169312","0.531000018119812","0.531000018119812","0.531000018119812","0.48399999737739563","0.48399999737739563","0.48399999737739563","0.4880000054836273","0.4880000054836273","0.4880000054836273","0.38499999046325684","0.38499999046325684","0.38499999046325684","0.4320000410079956","0.4320000410079956","0.4320000410079956","0.4140000343322754","0.4140000343322754","0.4140000343322754","0.5090000033378601","0.5090000033378601","0.5090000033378601"
"42","0.4580000042915344","0.4580000042915344","0.4580000042915344","0.5189999938011169","0.5189999938011169","0.5189999938011169","0.5590000152587891","0.5590000152587891","0.5590000152587891","0.546999990940094","0.546999990940094","0.546999990940094","0.41999998688697815","0.41999998688697815","0.41999998688697815","0.5099999904632568","0.5099999904632568","0.5099999904632568","0.4699999988079071","0.4699999988079071","0.4699999988079071","0.46299996972084045","0.46299996972084045","0.46299996972084045","0.4959999918937683","0.4959999918937683","0.4959999918937683","0.5009999871253967","0.5009999871253967","0.5009999871253967"
"43","0.38200002908706665","0.38200002908706665","0.38200002908706665","0.46000000834465027","0.46000000834465027","0.46000000834465027","0.5830000042915344","0.5830000042915344","0.5830000042915344","0.5350000262260437","0.5350000262260437","0.5350000262260437","0.49699997901916504","0.49699997901916504","0.49699997901916504","0.4860000014305115","0.4860000014305115","0.4860000014305115","0.38599997758865356","0.38599997758865356","0.38599997758865356","0.44499996304512024","0.44499996304512024","0.44499996304512024","0.42399999499320984","0.42399999499320984","0.42399999499320984","0.546999990940094","0.546999990940094","0.546999990940094"
"44","0.41499999165534973","0.41499999165534973","0.41499999165534973","0.5230000019073486","0.5230000019073486","0.5230000019073486","0.5580000281333923","0.5580000281333923","0.5580000281333923","0.5509999990463257","0.5509999990463257","0.5509999990463257","0.42800000309944153","0.42800000309944153","0.42800000309944153","0.5109999775886536","0.5109999775886536","0.5109999775886536","0.4659999907016754","0.4659999907016754","0.4659999907016754","0.47600001096725464","0.47600001096725464","0.47600001096725464","0.4959999918937683","0.4959999918937683","0.4959999918937683","0.503000020980835","0.503000020980835","0.503000020980835"
"45","0.3659999966621399","0.3659999966621399","0.3659999966621399","0.45899996161460876","0.45899996161460876","0.45899996161460876","0.5789999961853027","0.5789999961853027","0.5789999961853027","0.5350000262260437","0.5350000262260437","0.5350000262260437","0.5139999985694885","0.5139999985694885","0.5139999985694885","0.4779999852180481","0.4779999852180481","0.4779999852180481","0.38599997758865356","0.38599997758865356","0.38599997758865356","0.44999998807907104","0.44999998807907104","0.44999998807907104","0.42899999022483826","0.42899999022483826","0.42899999022483826","0.5299999713897705","0.5299999713897705","0.5299999713897705"
"46","0.4009999930858612","0.4009999930858612","0.4009999930858612","0.5239999890327454","0.5239999890327454","0.5239999890327454","0.5569999814033508","0.5569999814033508","0.5569999814033508","0.5429999828338623","0.5429999828338623","0.5429999828338623","0.4359999895095825","0.4359999895095825","0.4359999895095825","0.5059999823570251","0.5059999823570251","0.5059999823570251","0.47200000286102295","0.47200000286102295","0.47200000286102295","0.48399999737739563","0.48399999737739563","0.48399999737739563","0.503000020980835","0.503000020980835","0.503000020980835","0.49799999594688416","0.49799999594688416","0.49799999594688416"
"47","0.3540000021457672","0.3540000021457672","0.3540000021457672","0.4560000002384186","0.4560000002384186","0.4560000002384186","0.5799999833106995","0.5799999833106995","0.5799999833106995","0.5220000147819519","0.5220000147819519","0.5220000147819519","0.5099999904632568","0.5099999904632568","0.5099999904632568","0.47300001978874207","0.47300001978874207","0.47300001978874207","0.37299999594688416","0.37299999594688416","0.37299999594688416","0.4519999921321869","0.4519999921321869","0.4519999921321869","0.4309999942779541","0.4309999942779541","0.4309999942779541","0.5329999923706055","0.5329999923706055","0.5329999923706055"
"48","0.3879999816417694","0.3879999816417694","0.3879999816417694","0.5270000100135803","0.5270000100135803","0.5270000100135803","0.5550000071525574","0.5550000071525574","0.5550000071525574","0.531000018119812","0.531000018119812","0.531000018119812","0.44600000977516174","0.44600000977516174","0.44600000977516174","0.5049999952316284","0.5049999952316284","0.5049999952316284","0.46799999475479126","0.46799999475479126","0.46799999475479126","0.4910000264644623","0.4910000264644623","0.4910000264644623","0.5049999952316284","0.5049999952316284","0.5049999952316284","0.49299997091293335","0.49299997091293335","0.49299997091293335"
"49","0.35600000619888306","0.35600000619888306","0.35600000619888306","0.4569999575614929","0.4569999575614929","0.4569999575614929","0.5799999833106995","0.5799999833106995","0.5799999833106995","0.5230000019073486","0.5230000019073486","0.5230000019073486","0.5139999985694885","0.5139999985694885","0.5139999985694885","0.47300001978874207","0.47300001978874207","0.47300001978874207","0.3709999918937683","0.3709999918937683","0.3709999918937683","0.4560000002384186","0.4560000002384186","0.4560000002384186","0.4399999976158142","0.4399999976158142","0.4399999976158142","0.5400000214576721","0.5400000214576721","0.5400000214576721"